{
  "mse": 0.022455954924225807,
  "psnr": 16.486684721308155,
  "feature_similarity": 0.9696401357650757,
  "class_accuracy": 1.0
}