{
  "mse": 0.014923431910574436,
  "psnr": 18.261312915796534,
  "feature_similarity": 0.9741271734237671,
  "class_accuracy": 1.0
}