{
  "mse": 0.02698441408574581,
  "psnr": 15.688869953155518,
  "feature_similarity": 0.411002516746521,
  "class_accuracy": 0.0
}