{
  "mse": 0.028129691258072853,
  "psnr": 15.508350133895874,
  "feature_similarity": 0.37855345010757446,
  "class_accuracy": 0.0
}