{
  "mse": 0.023742450401186943,
  "psnr": 16.244744605795947,
  "feature_similarity": 0.9633849859237671,
  "class_accuracy": 1.0
}