{
  "mse": 0.07801958173513412,
  "psnr": 11.077963822812148,
  "feature_similarity": 0.7953144311904907,
  "class_accuracy": 1.0
}