{
  "mse": 0.03030511736869812,
  "psnr": 15.184840296714853,
  "feature_similarity": 0.9693009257316589,
  "class_accuracy": 1.0
}